timestamp,temperature,humidity,ghi,power_output
2020-05-15 00:00:00,25.184316133333333,34.78,0.0,0.0
2020-05-15 01:00:00,24.621525357142858,34.3,0.0,0.0
2020-05-15 02:00:00,24.936930466666663,33.92,0.0,0.0
2020-05-15 03:00:00,25.016309428571425,34.5,0.0,0.0
2020-05-15 04:00:00,24.6789022,36.38,0.0,0.0
2020-05-15 05:00:00,24.1771058,37.94,29.05,0.0
2020-05-15 06:00:00,24.088446066666663,33.86,208.57,90.929166668
2020-05-15 07:00:00,24.5373984,25.1,416.92,4052.6621429
2020-05-15 08:00:00,25.41951306666667,20.52,626.53,6365.6089285
2020-05-15 09:00:00,27.6209698,18.21,799.25,16211.35
2020-05-15 10:00:00,28.632191866666663,17.01,922.38,17896.7982142
2020-05-15 11:00:00,29.410819333333336,16.5,928.53,18936.5592845
2020-05-15 12:00:00,31.305375066666663,15.99,712.62,15250.8083332
2020-05-15 13:00:00,32.622796071428574,15.66,564.15,12721.8767857
2020-05-15 14:00:00,33.763185400000005,15.38,471.48,21747.0660709
2020-05-15 15:00:00,33.89057606666666,15.21,348.58,12603.7660715
2020-05-15 16:00:00,34.38115033333334,15.31,192.68,10704.0232143
2020-05-15 17:00:00,33.443313571428575,15.95,66.28,4894.9928571
2020-05-15 18:00:00,31.13241364285714,23.59,2.8,628.37678572
2020-05-15 19:00:00,27.455975400000003,25.47,0.0,0.0
2020-05-15 20:00:00,22.66317964285714,26.38,0.0,0.0
2020-05-15 21:00:00,22.168518066666667,27.72,0.0,0.0
2020-05-15 22:00:00,22.22185842857143,29.07,0.0,0.0
2020-05-15 23:00:00,22.23601830769231,30.3,0.0,0.0
2020-05-16 02:00:00,21.68216,34.49,0.0,0.0
2020-05-16 03:00:00,21.6459126,36.06,0.0,0.0
2020-05-16 04:00:00,21.85855535714285,37.66,0.0,0.0
2020-05-16 05:00:00,21.93278,37.73,30.92,0.0
2020-05-16 06:00:00,21.9232375,30.77,209.9,109.162500001
2020-05-16 07:00:00,22.45271393333333,23.14,428.35,3337.7285714
2020-05-16 08:00:00,23.8905234,19.53,636.83,9070.4714286
2020-05-16 09:00:00,25.999422266666667,18.19,836.2,13808.6267858
2020-05-16 10:00:00,27.611354533333337,17.34,870.65,15823.0624999
2020-05-16 11:00:00,29.1554974,16.56,840.22,17355.6821429
2020-05-16 12:00:00,30.089862066666665,16.11,745.62,19409.3839285
2020-05-16 13:00:00,31.31397713333333,15.65,654.42,18721.4178572
2020-05-16 14:00:00,31.42362873333333,15.4,497.12,13548.9964284
2020-05-16 15:00:00,32.436879733333335,15.44,395.02,15448.5982142
2020-05-16 16:00:00,32.029101733333334,15.48,218.93,7303.142857
2020-05-16 17:00:00,31.747082466666665,16.37,75.35,4240.2982144
2020-05-16 18:00:00,30.311684133333333,22.38,3.17,833.82857144
2020-05-16 19:00:00,28.310195785714285,24.61,0.0,0.0
2020-05-16 20:00:00,26.941198600000003,25.81,0.0,0.0
2020-05-16 21:00:00,26.0082478,27.11,0.0,0.0
2020-05-16 22:00:00,25.0534728,28.34,0.0,0.0
2020-05-16 23:00:00,24.461625066666663,29.38,0.0,0.0
2020-05-17 00:00:00,24.170165933333333,30.75,0.0,0.0
2020-05-17 01:00:00,23.879315066666667,32.65,0.0,0.0
2020-05-17 02:00:00,23.5248778,34.15,0.0,0.0
2020-05-17 03:00:00,23.317295400000003,35.83,0.0,0.0
2020-05-17 04:00:00,22.86391193333333,37.51,0.0,0.0
2020-05-17 05:00:00,22.567999266666664,38.53,29.27,0.0
2020-05-17 06:00:00,22.69311313333333,32.65,211.2,3.2625
2020-05-17 07:00:00,23.29249893333333,22.52,428.55,3034.2642858
2020-05-17 08:00:00,25.0617614,18.81,648.45,10929.7982145
2020-05-17 09:00:00,27.683191,17.29,824.53,16595.9624999
2020-05-17 10:00:00,30.091312666666663,16.28,936.75,21149.9892858
2020-05-17 11:00:00,31.16485806666667,15.82,973.92,23719.482142
2020-05-17 12:00:00,32.495967666666665,15.5,776.92,17569.6803573
2020-05-17 13:00:00,33.88692626666666,15.03,598.35,12658.4035713
2020-05-17 14:00:00,34.48483913333333,14.5,623.72,19093.9589284
2020-05-17 15:00:00,35.109771733333325,14.35,475.12,19932.6107144
2020-05-17 16:00:00,34.73750799999999,14.83,269.3,13724.5607143
2020-05-17 17:00:00,28.750748666666663,15.78,101.72,4395.6089285
2020-05-17 18:00:00,26.354187066666668,22.62,4.55,674.78035714
2020-05-17 19:00:00,25.8602378,24.45,0.0,0.0
2020-05-17 20:00:00,25.671177266666668,24.61,0.0,0.0
2020-05-17 21:00:00,25.382098400000004,24.88,0.0,0.0
2020-05-17 22:00:00,21.23754673333333,25.04,0.0,0.0
2020-05-17 23:00:00,21.2205322,25.05,0.0,0.0
2020-05-18 00:00:00,21.1556906,25.37,0.0,0.0
2020-05-18 01:00:00,21.070792666666662,26.65,0.0,0.0
2020-05-18 02:00:00,20.969343142857145,27.42,0.0,0.0
2020-05-18 03:00:00,21.25834353333333,28.57,0.0,0.0
2020-05-18 04:00:00,21.4589906,29.87,0.0,0.0
2020-05-18 05:00:00,21.00024833333333,30.28,29.33,0.0
2020-05-18 06:00:00,21.30836173333333,27.07,195.35,153.528571429
2020-05-18 07:00:00,21.834507400000003,20.77,402.42,3629.3196429
2020-05-18 08:00:00,23.232289466666664,17.62,643.22,2718.2392857
2020-05-18 09:00:00,23.7412598,16.25,795.17,3821.5053571
2020-05-18 10:00:00,23.8746256,15.52,918.45,3775.05
2020-05-18 11:00:00,24.86980793333333,15.23,963.7,13834.6339287
2020-05-18 12:00:00,25.70663053333333,15.06,848.7,17608.1660714
2020-05-18 13:00:00,27.019004333333328,15.01,718.5,17358.6875
2020-05-18 14:00:00,28.367100066666666,15.24,613.25,20617.3910709
2020-05-18 15:00:00,27.2929586,15.49,411.75,16816.5267857
2020-05-18 16:00:00,27.823516666666663,16.1,243.85,12760.117857
2020-05-18 17:00:00,26.624064000000004,16.9,101.95,4791.9446428
2020-05-18 18:00:00,25.250388666666662,20.11,4.88,905.02142858
2020-05-18 19:00:00,24.541290266666667,22.31,0.0,0.0
2020-05-18 20:00:00,24.3377575,23.77,0.0,0.0
2020-05-18 21:00:00,23.72655033333333,25.09,0.0,0.0
2020-05-18 22:00:00,23.088842866666667,26.64,0.0,0.0
2020-05-18 23:00:00,22.787469466666668,28.03,0.0,0.0
2020-05-19 00:00:00,22.6109822,28.64,0.0,0.0
2020-05-19 01:00:00,22.6252198,30.24,0.0,0.0
2020-05-19 02:00:00,22.759263,32.07,0.0,0.0
2020-05-19 03:00:00,22.953436333333336,32.67,0.0,0.0
2020-05-19 04:00:00,23.082743266666665,32.88,0.0,0.0
2020-05-19 05:00:00,23.351676466666664,31.95,31.05,0.0
2020-05-19 06:00:00,23.281386399999995,26.97,204.7,0.0
2020-05-19 07:00:00,24.034554,19.78,424.7,5310.1964286
2020-05-19 08:00:00,25.179372266666665,13.25,621.58,3992.2071428
2020-05-19 09:00:00,26.1215332,10.86,785.38,12015.6892857
2020-05-19 10:00:00,27.60525313333333,9.67,953.47,13941.1571428
2020-05-19 11:00:00,28.1994974,8.97,1012.15,22248.7232138
2020-05-19 13:00:00,30.105845400000003,8.64,916.58,21094.757143
2020-05-19 14:00:00,29.9116638,9.04,774.67,19443.3142856
2020-05-19 15:00:00,30.22064013333333,9.74,583.95,15879.0696429
2020-05-19 16:00:00,29.7693278,10.74,350.75,14013.2428571
2020-05-19 17:00:00,29.096531133333336,11.98,127.4,4713.3875
2020-05-19 18:00:00,25.0463766,16.6,5.53,1.7374999999999998
2020-05-19 19:00:00,22.450284866666667,17.53,0.0,0.0
2020-05-19 20:00:00,22.388783866666664,17.57,0.0,0.0
2020-05-19 21:00:00,24.02257421428571,17.37,0.0,0.0
2020-05-19 22:00:00,23.6713298,17.16,0.0,0.0
2020-05-19 23:00:00,23.23081673333333,16.96,0.0,0.0
2020-05-20 00:00:00,22.46528513333333,16.81,0.0,0.0
2020-05-20 01:00:00,22.19119053333333,16.49,0.0,0.0
2020-05-20 02:00:00,22.17514033333333,15.81,0.0,0.0
2020-05-20 03:00:00,21.921218,15.01,0.0,0.0
2020-05-20 04:00:00,22.133602066666665,14.98,0.0,0.0
2020-05-20 05:00:00,21.985909,15.18,36.8,0.0
2020-05-20 06:00:00,21.3480144,13.22,238.18,214.928571426
2020-05-20 07:00:00,22.4990804,10.75,479.23,3492.794643
2020-05-20 08:00:00,24.471148666666664,8.78,681.2,11258.394643
2020-05-20 09:00:00,26.4731404,8.18,856.83,16942.8535714
2020-05-20 10:00:00,28.077587800000003,7.8,1000.7,21938.5339287
2020-05-20 11:00:00,29.315938266666667,7.59,1083.35,24704.103571
2020-05-20 12:00:00,30.521348066666665,7.44,1068.62,27154.991071
2020-05-20 13:00:00,31.393697066666668,7.36,983.83,24816.001786
2020-05-20 18:00:00,28.524298066666667,8.37,6.78,1767.9125
2020-05-20 19:00:00,26.715222,8.72,0.0,0.0
2020-05-20 20:00:00,25.68150633333333,9.41,0.0,0.0
2020-05-20 21:00:00,24.91609842857143,10.7,0.0,0.0
2020-05-20 22:00:00,24.3762818,12.37,0.0,0.0
2020-05-21 08:00:00,23.96825553333333,10.52,697.28,9250.4966667
2020-05-21 09:00:00,26.186218200000003,9.39,874.4,17620.9125
2020-05-21 10:00:00,28.20780033333333,8.38,899.87,13093.902857
2020-05-21 11:00:00,29.207837,7.7,942.31,22215.9053556
2020-05-21 12:00:00,30.676135400000003,7.36,1057.43,23022.4178581
2020-05-21 13:00:00,31.3942708,7.36,970.9,21718.4189286
2020-05-21 14:00:00,32.05471386666667,7.38,821.7,21565.2928583
2020-05-21 15:00:00,32.33336766666667,7.5,619.75,21476.9744052
2020-05-21 16:00:00,31.600370266666665,7.92,382.9,8509.6142857
2020-05-21 17:00:00,29.904103,8.82,145.98,2278.0892857
2020-05-21 18:00:00,27.727758666666663,12.31,6.75,657.39107142
2020-05-21 19:00:00,26.84853057142857,14.15,0.0,0.0
2020-05-21 20:00:00,25.5864014,15.12,0.0,0.0
2020-05-21 21:00:00,24.680324266666663,16.14,0.0,0.0
2020-05-21 22:00:00,24.26367993333333,17.23,0.0,0.0
2020-05-21 23:00:00,23.978326266666667,18.47,0.0,0.0
2020-05-22 00:00:00,23.760593466666663,19.7,0.0,0.0
2020-05-22 01:00:00,23.470836,20.65,0.0,0.0
2020-05-22 02:00:00,23.44186193333333,21.2,0.0,0.0
2020-05-22 03:00:00,23.297208666666663,21.42,0.0,0.0
2020-05-22 04:00:00,22.94258413333333,21.71,0.0,0.0
2020-05-22 05:00:00,22.9109844,22.54,37.75,0.0
2020-05-22 06:00:00,22.815523266666663,21.92,229.07,469.10892858
2020-05-22 07:00:00,23.4338724,22.33,466.62,3448.6339286
2020-05-22 08:00:00,25.088962666666667,21.1,685.42,10847.4267856
2020-05-22 09:00:00,25.96112293333333,18.07,861.4,11014.1603572
2020-05-22 10:00:00,27.585662733333333,15.36,980.28,14820.0071427
2020-05-22 11:00:00,28.88009853333333,13.35,1030.32,17375.2928571
2020-05-22 12:00:00,30.824835714285715,11.93,1011.7,27677.362499000003
2020-05-22 13:00:00,31.3189554,11.07,927.8,23066.4690486
2020-05-22 14:00:00,31.882248142857144,10.51,778.88,21292.655357
2020-05-22 15:00:00,33.00463246666666,10.3,580.9,20633.3196428
2020-05-22 16:00:00,31.29693813333333,10.5,353.88,6892.1410714
2020-05-22 17:00:00,29.57108153333333,11.33,137.4,3467.8732143
2020-05-22 18:00:00,28.510609933333328,15.05,6.3,598.64464287
2020-05-22 19:00:00,27.590226266666665,17.04,0.0,0.0
2020-05-22 20:00:00,26.857729285714285,18.3,0.0,0.0
2020-05-22 21:00:00,26.475219733333333,19.69,0.0,0.0
2020-05-22 22:00:00,23.9790038,21.32,0.0,0.0
2020-05-22 23:00:00,22.361055333333333,22.89,0.0,0.0
2020-05-23 00:00:00,21.7191894,24.29,0.0,0.0
2020-05-23 01:00:00,21.45861,25.49,0.0,0.0
2020-05-23 02:00:00,21.74084266666667,26.22,0.0,0.0
2020-05-23 03:00:00,21.884334266666663,26.34,0.0,0.0
2020-05-23 04:00:00,22.128173866666668,26.36,0.0,0.0
2020-05-23 05:00:00,21.92008673333333,26.06,31.78,0.0
2020-05-23 07:00:00,22.4054382,20.65,426.03,2173.4089286
2020-05-23 08:00:00,23.89814073333333,19.95,597.19,9556.55
2020-05-23 09:00:00,26.8544944,18.88,828.45,17682.5428571
2020-05-23 10:00:00,28.074165800000003,17.42,946.05,19438.1625
2020-05-23 11:00:00,28.8662964,15.85,1026.43,22472.7160705
2020-05-23 12:00:00,30.6108378,14.56,1007.05,26966.792856
2020-05-23 13:00:00,31.304307266666665,13.55,919.42,23148.253572
2020-05-23 14:00:00,33.13893985714286,12.84,777.95,22209.5857152
2020-05-23 15:00:00,32.41062673333334,12.55,581.88,12773.3785715
2020-05-23 16:00:00,33.424020071428565,12.69,357.3,14006.4482144
2020-05-23 17:00:00,31.265974933333336,13.28,139.98,7164.7071429
2020-05-23 18:00:00,29.4934264,16.81,6.68,2791.6803572
2020-05-23 19:00:00,27.82643613333333,17.82,0.0,0.0
2020-05-23 20:00:00,26.9254904,18.22,0.0,0.0
2020-05-23 21:00:00,26.2500794,18.86,0.0,0.0
2020-05-23 22:00:00,25.7736,19.77,0.0,0.0
2020-05-23 23:00:00,25.1337626,21.11,0.0,0.0
2020-05-24 00:00:00,24.6906805,22.57,0.0,0.0
2020-05-24 01:00:00,24.2181986,23.82,0.0,0.0
2020-05-24 02:00:00,24.566530333333333,24.3,0.0,0.0
2020-05-24 03:00:00,24.0066,24.27,0.0,0.0
2020-05-24 04:00:00,23.917812133333328,24.2,0.0,0.0
2020-05-24 05:00:00,23.623785466666668,24.15,36.08,0.0
2020-05-24 06:00:00,23.151116866666666,22.38,218.35,229.539285712
2020-05-24 07:00:00,24.416684866666667,18.53,442.77,3803.4232142
2020-05-24 08:00:00,26.23174233333333,16.18,656.38,10366.8571427
2020-05-24 09:00:00,27.152537133333336,14.81,833.22,16240.244643
2020-05-24 10:00:00,28.242586266666667,13.9,957.58,15625.2982143
2020-05-24 11:00:00,29.893628,13.24,1024.78,23046.9214279
2020-05-24 12:00:00,30.96598713333333,12.75,1007.05,25558.042857
2020-05-24 13:00:00,32.5261004,12.38,920.88,26105.680358
2020-05-24 14:00:00,33.68083073333334,12.11,775.25,19252.7482145
2020-05-24 15:00:00,33.76234939999999,11.92,573.7,18834.0464288
2020-05-24 16:00:00,32.72800313333334,11.91,352.85,9055.8803571
2020-05-24 17:00:00,32.85508646666668,12.25,133.82,8647.9589286
2020-05-24 18:00:00,30.75914113333333,14.98,6.75,1303.60535714
2020-05-24 19:00:00,28.8050252,16.42,0.0,0.0
2020-05-24 20:00:00,27.463893733333336,17.28,0.0,0.0
2020-05-24 21:00:00,26.721419200000003,18.57,0.0,0.0
2020-05-24 22:00:00,24.842502866666667,20.48,0.0,0.0
2020-05-24 23:00:00,24.308990466666668,22.46,0.0,0.0
2020-05-25 00:00:00,23.523980866666665,23.91,0.0,0.0
2020-05-25 01:00:00,23.813157266666668,25.09,0.0,0.0
2020-05-25 02:00:00,23.74525333333333,26.0,0.0,0.0
2020-05-25 03:00:00,23.53508313333333,27.04,0.0,0.0
2020-05-25 04:00:00,23.4719544,28.5,0.0,0.0
2020-05-25 05:00:00,23.358255866666667,29.52,36.6,0.0
2020-05-25 06:00:00,22.90438138461538,26.9,215.38,0.0
2020-05-25 07:00:00,23.788940466666663,21.07,439.33,3717.3017855
2020-05-25 08:00:00,24.688751333333336,17.25,651.83,7521.6
2020-05-25 09:00:00,26.970560666666664,15.61,825.65,17778.8428572
2020-05-25 10:00:00,28.6851826,14.42,944.62,22572.0428593
2020-05-25 11:00:00,30.38230993333333,13.42,1022.58,25487.848213
2020-05-25 12:00:00,31.597302133333333,12.74,989.28,26812.625
2020-05-25 13:00:00,32.788692133333335,12.32,907.7,26370.9375
2020-05-25 14:00:00,33.32365333333333,12.11,768.65,24446.066071
2020-05-25 15:00:00,34.382596666666664,12.17,581.08,21724.958929
2020-05-25 16:00:00,34.7056704,12.61,361.98,16513.4857141
2020-05-25 17:00:00,32.63336773333333,13.52,143.25,2421.2142857
2020-05-25 18:00:00,29.405578533333337,17.35,7.25,916.44821431
2020-05-25 19:00:00,26.844663285714287,19.31,0.0,0.0
2020-05-25 20:00:00,25.98317053333333,20.15,0.0,0.0
2020-05-25 21:00:00,26.74988007142857,20.85,0.0,0.0
2020-05-25 22:00:00,22.50070593333333,21.34,0.0,0.0
2020-05-25 23:00:00,22.538633333333337,21.81,0.0,0.0
2020-05-26 00:00:00,22.329964133333338,21.96,0.0,0.0
2020-05-26 01:00:00,22.209784,22.1,0.0,0.0
2020-05-26 02:00:00,22.08363446666667,22.48,0.0,0.0
2020-05-26 03:00:00,21.34014086666667,23.07,0.0,0.0
2020-05-26 04:00:00,21.25942564285713,24.0,0.0,0.0
2020-05-26 05:00:00,21.640612933333333,24.27,43.15,0.0
2020-05-26 06:00:00,22.495716785714286,21.61,245.75,265.921428576
2020-05-26 07:00:00,23.54695426666667,16.96,477.5,3933.2875001
2020-05-26 08:00:00,25.354199066666663,13.83,690.4,10928.5107141
2020-05-26 09:00:00,27.205737133333333,12.82,863.12,17675.4642858
2020-05-26 10:00:00,28.9688944,12.05,900.33,22916.0714292
2020-05-26 11:00:00,30.10053313333333,11.4,942.96,26148.817858
2020-05-26 12:00:00,30.900615071428568,10.84,931.08,22622.5124997
2020-05-26 13:00:00,32.626951000000005,10.35,937.05,17596.3964286
2020-05-26 14:00:00,33.488021,9.97,793.35,17828.3107143
2020-05-26 15:00:00,32.281588,9.87,600.25,9739.7232143
2020-05-26 16:00:00,33.40587706666668,10.08,375.05,11034.6392856
2020-05-26 17:00:00,33.04103613333332,10.75,148.77,9125.3285714
2020-05-26 18:00:00,29.59416113333333,14.12,7.59,785.41607142
2020-05-26 19:00:00,28.23783153333333,16.2,0.0,0.0
2020-05-26 20:00:00,25.804827866666667,17.6,0.0,0.0
2020-05-26 21:00:00,26.739679,18.88,0.0,0.0
2020-05-26 22:00:00,25.970591266666663,20.01,0.0,0.0
2020-05-26 23:00:00,25.312601666666662,21.0,0.0,0.0
2020-05-27 00:00:00,23.350636733333328,21.96,0.0,0.0
2020-05-27 01:00:00,23.47894071428572,22.81,0.0,0.0
2020-05-27 02:00:00,23.378357000000005,23.73,0.0,0.0
2020-05-27 03:00:00,24.209280785714284,24.9,0.0,0.0
2020-05-27 04:00:00,23.618619666666667,28.12,0.0,0.0
2020-05-27 05:00:00,23.591532466666663,35.79,40.53,0.0
2020-05-27 06:00:00,23.21604600000001,40.94,230.3,301.29642859
2020-05-27 07:00:00,24.464884533333333,35.95,454.52,4209.0309524
2020-05-27 08:00:00,26.1143576,29.14,664.55,10070.1535716
2020-05-27 09:00:00,27.842344266666668,24.09,835.97,17336.9374999
2020-05-27 10:00:00,29.011586333333334,20.69,952.72,17598.7166666
2020-05-27 11:00:00,29.9996884,18.39,1017.88,16477.1285714
2020-05-27 12:00:00,31.9470338,16.8,870.7,25971.926785
2020-05-27 13:00:00,32.52562053333333,15.56,882.0,19769.525
2020-05-27 14:00:00,32.31917286666666,14.53,739.95,9189.5535714
2020-05-27 15:00:00,32.9282166,13.68,569.47,10883.7785713
2020-05-27 16:00:00,32.22288606666666,13.39,351.85,13821.6499999
2020-05-27 17:00:00,30.93136807142857,13.82,139.2,5705.9910712
2020-05-27 18:00:00,29.4541402,16.16,7.55,637.0404762
2020-05-27 19:00:00,28.09154414285713,18.13,0.0,0.0
2020-05-27 20:00:00,23.055761666666665,19.97,0.0,0.0
2020-05-27 21:00:00,23.148819000000003,22.51,0.0,0.0
2020-05-27 22:00:00,22.935736066666664,25.34,0.0,0.0
2020-05-27 23:00:00,23.19335942857143,27.56,0.0,0.0
2020-05-28 00:00:00,23.34788806666667,29.25,0.0,0.0
2020-05-28 01:00:00,23.027730200000004,31.03,0.0,0.0
2020-05-28 02:00:00,22.5432046,33.71,0.0,0.0
2020-05-28 03:00:00,22.416562866666663,38.49,0.0,0.0
2020-05-28 04:00:00,22.623174933333328,44.3,0.0,0.0
2020-05-28 05:00:00,22.137520266666662,49.61,35.33,0.0
2020-05-28 06:00:00,21.6234394,50.07,208.07,319.99464285
2020-05-28 07:00:00,23.251910266666663,42.78,426.73,4195.2267858
2020-05-28 08:00:00,25.104416866666664,34.6,640.42,10821.3892858
2020-05-28 09:00:00,27.544490533333327,28.87,816.12,17716.7285715
2020-05-28 10:00:00,28.899194400000003,24.66,937.53,22032.6821431
2020-05-28 11:00:00,29.914223333333336,21.22,996.22,23627.2982132
2020-05-28 12:00:00,31.7778442,18.47,943.38,25870.578572
2020-05-28 13:00:00,32.9157552,16.47,861.1,27568.916071
2020-05-28 14:00:00,33.757623499999994,15.27,742.85,20218.8736909
2020-05-28 15:00:00,33.397930933333335,14.87,558.17,21563.5517857
2020-05-28 16:00:00,32.85396113333333,15.25,334.27,6349.7130954
2020-05-28 17:00:00,32.671417266666666,16.59,130.0,7041.7809525
2020-05-28 18:00:00,31.005800533333336,20.52,7.07,1016.02857142
2020-05-28 19:00:00,28.059818466666663,23.88,0.0,0.0
2020-05-28 20:00:00,27.13539564285714,26.33,0.0,0.0
2020-05-28 21:00:00,26.2307618,28.63,0.0,0.0
2020-05-28 22:00:00,20.845003333333327,30.47,0.0,0.0
2020-05-29 07:00:00,21.43288993333333,44.17,366.2,4231.3892855
2020-05-29 08:00:00,22.677024466666666,35.38,558.3,7222.8142858
2020-05-29 09:00:00,24.37939666666667,29.26,714.47,14808.5589285
2020-05-29 10:00:00,26.661143,25.43,871.5,18782.1184526
2020-05-29 11:00:00,28.989419142857145,22.64,930.67,25039.755357
2020-05-29 12:00:00,30.0820658,20.84,893.92,25494.689286
2020-05-29 13:00:00,31.0336488,19.84,855.88,26889.571428
2020-05-29 14:00:00,31.29462073333333,19.1,689.97,14366.05
2020-05-29 15:00:00,32.37420473333333,18.69,474.17,16593.078571500002
2020-05-29 16:00:00,32.45574533333333,18.96,263.73,14501.3964285
2020-05-29 17:00:00,30.0257304,19.75,104.2,6927.1874999
2020-05-29 18:00:00,28.177933666666664,21.7,6.55,950.96607143
2020-05-29 19:00:00,26.57452986666667,22.83,0.0,0.0
2020-05-29 20:00:00,25.53364046666667,23.87,0.0,0.0
2020-05-29 21:00:00,25.569374466666662,26.5,0.0,0.0
2020-05-29 22:00:00,25.315657466666668,30.27,0.0,0.0
2020-05-29 23:00:00,21.58188473333333,34.56,0.0,0.0
2020-05-30 00:00:00,21.52715873333333,38.24,0.0,0.0
2020-05-30 01:00:00,21.3210645,41.07,0.0,0.0
2020-05-30 02:00:00,21.25114333333333,43.6,0.0,0.0
2020-05-30 03:00:00,21.4183166,46.31,0.0,0.0
2020-05-30 04:00:00,21.413842733333336,49.58,0.0,0.0
2020-05-30 05:00:00,21.242486466666666,53.39,30.62,0.0
2020-05-30 06:00:00,21.150111866666663,54.78,172.07,157.8875
2020-05-30 07:00:00,21.786851066666664,47.87,371.62,3660.3196427
2020-05-30 08:00:00,22.792192642857145,37.63,562.53,6654.3357143
2020-05-30 09:00:00,24.185119466666663,30.3,729.83,8148.517857199999
2020-05-30 10:00:00,24.9230428,26.01,848.97,10074.8696428
2020-05-30 11:00:00,25.07773446666667,23.7,911.38,14084.3875
2020-05-30 12:00:00,27.0928548,21.93,874.7,29150.212499
2020-05-30 13:00:00,28.826908466666666,20.89,774.45,18959.4874999
2020-05-30 14:00:00,29.928074066666667,20.21,638.03,24754.357144
2020-05-30 15:00:00,30.49638266666667,19.66,488.55,20523.7964285
2020-05-30 16:00:00,31.278884,19.8,294.98,14492.1267857
2020-05-30 17:00:00,30.710561,20.23,105.53,7339.6357142
2020-05-30 18:00:00,28.9436726,21.66,6.8,1410.27321428
2020-05-30 19:00:00,27.338289642857145,23.0,0.0,0.0
2020-05-30 20:00:00,25.64443966666667,24.39,0.0,0.0
2020-05-30 21:00:00,24.16049421428572,26.18,0.0,0.0
2020-05-30 22:00:00,23.26649373333333,28.05,0.0,0.0
2020-05-30 23:00:00,23.299794533333337,29.77,0.0,0.0
2020-05-31 00:00:00,23.113399266666665,31.47,0.0,0.0
2020-05-31 01:00:00,23.73268626666667,33.76,0.0,0.0
2020-05-31 02:00:00,23.439050266666666,35.77,0.0,0.0
2020-05-31 03:00:00,22.88455606666667,37.32,0.0,0.0
2020-05-31 04:00:00,22.537526466666662,38.96,0.0,0.0
2020-05-31 05:00:00,22.04795533333333,39.64,31.05,0.0
2020-05-31 06:00:00,21.98220433333333,37.41,182.6,212.099999995
2020-05-31 07:00:00,22.765519200000004,33.72,369.0,2570.4535714
2020-05-31 08:00:00,23.507492071428576,30.85,554.85,5857.2624999
2020-05-31 09:00:00,25.1560954,28.6,758.17,15137.4321428
2020-05-31 10:00:00,26.7760782,26.71,885.4,13752.1124999
2020-05-31 11:00:00,28.0176412,24.73,950.6,18002.807143
2020-05-31 12:00:00,29.261606933333333,22.88,772.78,19209.1071419
2020-05-31 13:00:00,30.402663066666666,21.36,662.8,19024.9535715
2020-05-31 14:00:00,30.8515666,20.01,566.1,22991.6160713
2020-05-31 15:00:00,27.56227564285714,18.98,437.15,4692.032143
2020-05-31 16:00:00,27.55705773333333,18.65,260.05,6474.6142856
2020-05-31 17:00:00,28.140496428571428,19.04,103.4,4243.7107144
2020-05-31 18:00:00,27.548073266666663,20.55,7.07,1426.59999999
2020-05-31 19:00:00,26.167299333333336,21.51,0.0,0.0
2020-05-31 20:00:00,25.0992248,22.57,0.0,0.0
2020-05-31 21:00:00,24.463079733333327,24.46,0.0,0.0
2020-05-31 22:00:00,23.910445066666668,26.89,0.0,0.0
2020-05-31 23:00:00,23.795434466666663,30.48,0.0,0.0
2020-06-01 00:00:00,23.128673000000003,33.42,0.0,0.0
2020-06-01 01:00:00,22.611436000000005,36.86,0.0,0.0
2020-06-01 02:00:00,21.993119266666667,40.34,0.0,0.0
2020-06-01 03:00:00,21.76579393333333,43.36,0.0,0.0
2020-06-01 04:00:00,21.497992,45.42,0.0,0.0
2020-06-01 05:00:00,21.234995533333333,45.84,29.48,0.0
2020-06-01 06:00:00,21.2783936,39.01,170.98,164.980357142
2020-06-01 07:00:00,22.77360833333333,32.95,359.4,4552.7
2020-06-01 08:00:00,24.854911266666665,30.52,496.35,13254.6142857
2020-06-01 09:00:00,26.705200071428568,28.63,644.9,15079.0928572
2020-06-01 10:00:00,27.853426133333333,27.01,569.38,16691.7714285
2020-06-01 11:00:00,29.58492026666667,25.74,563.33,22940.2035695
2020-06-01 12:00:00,28.940915933333333,24.39,646.3,11351.0464286
2020-06-01 13:00:00,28.995208666666663,23.69,596.7,14748.5482143
2020-06-01 14:00:00,28.7127584,22.99,521.38,6139.0857142
2020-06-01 15:00:00,26.8806398,22.3,410.4,6254.7714285
2020-06-01 16:00:00,26.572758,22.33,250.52,3622.9714286
2020-06-01 17:00:00,26.14214893333333,23.46,92.28,2819.294643
2020-06-01 18:00:00,25.59105335714285,24.48,6.4,1168.04999999
2020-06-01 19:00:00,24.846169133333333,26.24,0.0,0.0
2020-06-01 20:00:00,23.947261533333336,27.91,0.0,0.0
2020-06-01 21:00:00,23.645367466666663,29.75,0.0,0.0
2020-06-01 22:00:00,23.199686666666665,32.04,0.0,0.0
2020-06-01 23:00:00,22.48435466666667,35.94,0.0,0.0
2020-06-02 00:00:00,22.54657193333333,41.14,0.0,0.0
2020-06-02 01:00:00,22.119201642857146,47.05,0.0,0.0
2020-06-02 02:00:00,21.683178800000004,53.23,0.0,0.0
2020-06-02 03:00:00,21.4014854,58.65,0.0,0.0
2020-06-02 04:00:00,21.408616066666664,62.7,0.0,0.0
2020-06-02 05:00:00,21.7093078,65.47,23.25,0.0
2020-06-02 06:00:00,21.586885533333334,63.59,127.82,163.996428574
2020-06-02 07:00:00,22.607889933333336,57.81,255.18,3624.7660714
2020-06-02 08:00:00,24.027254133333333,51.98,341.75,9063.2571429
2020-06-02 09:00:00,26.1504356,46.44,403.05,14206.2714284
2020-06-02 10:00:00,27.539448499999995,40.97,442.95,20333.4946429
2020-06-02 11:00:00,27.677307066666668,36.27,502.8,19943.4178571
2020-06-02 12:00:00,27.46658328571429,32.13,441.55,17731.1142858
2020-06-02 13:00:00,27.964561,29.43,259.5,26622.589286
2020-06-02 14:00:00,27.262479733333336,27.8,209.5,14480.6499999
2020-06-02 15:00:00,27.04379893333333,26.8,203.12,14315.9285715
2020-06-02 16:00:00,26.6184204,26.37,118.57,14791.2517857
2020-06-02 17:00:00,25.5590068,25.39,43.1,6018.7464287
2020-06-02 18:00:00,24.707338533333328,27.45,3.72,729.57797619
2020-06-02 19:00:00,24.41660966666667,27.77,0.0,0.0
2020-06-02 20:00:00,23.870035866666665,28.25,0.0,0.0
2020-06-02 21:00:00,23.181156533333333,29.39,0.0,0.0
2020-06-02 22:00:00,23.1034912,32.01,0.0,0.0
2020-06-02 23:00:00,23.029817857142856,35.1,0.0,0.0
2020-06-03 00:00:00,23.1571288,37.51,0.0,0.0
2020-06-03 01:00:00,22.704483933333336,39.97,0.0,0.0
2020-06-03 02:00:00,22.842895466666665,43.28,0.0,0.0
2020-06-03 03:00:00,22.44995926666667,49.31,0.0,0.0
2020-06-03 04:00:00,22.364552866666667,56.28,0.0,0.0
2020-06-03 05:00:00,22.29955246666667,60.68,14.68,0.0
2020-06-03 06:00:00,21.8664428,58.97,83.15,122.067857143
2020-06-03 07:00:00,22.39704986666667,51.79,157.6,3079.2482143
2020-06-03 08:00:00,24.27014585714286,42.96,197.8,9289.5000001
2020-06-03 09:00:00,25.790447933333336,36.37,374.3,13583.9678571
2020-06-03 10:00:00,25.976375266666665,31.39,326.42,12672.3339286
2020-06-03 11:00:00,27.96947633333333,27.84,370.77,20952.2249998
2020-06-03 12:00:00,28.481665066666665,25.96,389.85,20088.4053571
2020-06-03 13:00:00,29.06769213333333,25.18,452.52,23576.955356
2020-06-03 15:00:00,28.8466328,25.68,337.92,25571.585713
2020-06-03 16:00:00,27.406433066666665,26.94,201.15,11093.6196428
2020-06-03 17:00:00,27.07719326666667,28.74,82.43,11770.2178571
2020-06-03 18:00:00,25.628292,32.05,5.62,1430.30000001
2020-06-03 19:00:00,24.47928673333333,36.64,0.0,0.0
2020-06-03 20:00:00,23.7355346,43.61,0.0,0.0
2020-06-03 21:00:00,23.581404733333333,54.14,0.0,0.0
2020-06-03 22:00:00,23.12093293333333,66.19,0.0,0.0
2020-06-03 23:00:00,23.29439086666667,75.89,0.0,0.0
2020-06-04 00:00:00,23.232509466666663,79.95,0.0,0.0
2020-06-04 01:00:00,23.04567046666667,82.08,0.0,0.0
2020-06-04 02:00:00,22.99037886666667,83.1,0.0,0.0
2020-06-04 03:00:00,22.51006266666667,83.85,0.0,0.0
2020-06-04 04:00:00,21.814058571428568,84.62,0.0,0.0
2020-06-04 05:00:00,22.10740133333333,85.84,6.7,0.0
2020-06-04 06:00:00,22.37077833333333,84.38,42.2,145.544642857
2020-06-04 07:00:00,22.91924653333333,81.47,40.92,4004.1803572
2020-06-04 08:00:00,24.827956066666665,79.3,110.25,10635.3874999
2020-06-04 09:00:00,26.23224886666667,78.25,170.18,16533.5017858
2020-06-04 10:00:00,27.51010546666667,77.14,211.32,20814.4410707
2020-06-04 11:00:00,28.900441466666667,77.21,183.35,21265.6392862
2020-06-04 12:00:00,29.428778066666663,80.73,110.47,24877.5821443
2020-06-04 13:00:00,30.0188802,83.65,202.07,26511.916072
2020-06-04 14:00:00,29.892468333333333,84.55,151.82,17367.2857143
2020-06-04 15:00:00,29.31660471428572,84.39,147.5,24283.514285
2020-06-04 16:00:00,28.524460866666665,85.24,112.8,16769.1517857
2020-06-04 17:00:00,27.408913857142856,86.98,47.8,8741.7482143
2020-06-04 18:00:00,26.4737508,88.02,4.72,1860.20714286
2020-06-04 19:00:00,24.911574333333327,88.65,0.0,0.0
2020-06-04 20:00:00,24.203576466666668,87.87,0.0,0.0
2020-06-04 21:00:00,23.622412133333327,87.8,0.0,0.0
2020-06-04 22:00:00,23.249265666666663,90.17,0.0,0.0
2020-06-04 23:00:00,22.668090866666663,92.62,0.0,0.0
2020-06-05 00:00:00,22.369673533333334,93.78,0.0,0.0
2020-06-05 01:00:00,22.390741066666664,93.93,0.0,0.0
2020-06-05 02:00:00,22.032619133333327,93.65,0.0,0.0
2020-06-05 03:00:00,21.960252,93.22,0.0,0.0
2020-06-05 04:00:00,21.81910206666667,92.0,0.0,0.0
2020-06-05 05:00:00,21.4732484,87.63,32.5,0.0
2020-06-05 06:00:00,21.581693466666664,78.27,205.32,194.141071423
2020-06-05 07:00:00,22.578601066666668,63.92,407.67,3119.5607143
2020-06-05 08:00:00,23.45101913333333,54.44,579.78,6123.9642857
2020-06-05 09:00:00,26.1081848,51.55,762.7,15682.0392858
2020-06-05 10:00:00,27.44654421428572,50.72,866.53,22814.8785739
2020-06-05 11:00:00,27.55344846666667,50.37,931.78,20387.4267856
2020-06-05 12:00:00,28.726664714285715,50.53,918.2,10178.8160713
2020-06-05 13:00:00,24.98657813333333,50.63,749.15,18117.6553569
2020-06-05 14:00:00,29.018203714285715,50.68,487.65,25522.689285
2020-06-05 15:00:00,29.9443218,50.73,202.1,18968.6678573
2020-06-05 16:00:00,29.360011642857145,52.45,134.15,15976.5374999
2020-06-05 17:00:00,28.383642466666668,59.23,56.5,8857.9875001
2020-06-05 18:00:00,27.676138642857143,74.55,4.05,2487.19642839
2020-06-05 19:00:00,25.31771846666667,77.98,0.0,0.0
2020-06-05 20:00:00,24.40181171428572,77.55,0.0,0.0
2020-06-05 21:00:00,23.661025,78.57,0.0,0.0
2020-06-05 22:00:00,23.249294066666664,80.31,0.0,0.0
2020-06-05 23:00:00,22.555259266666667,82.41,0.0,0.0
2020-06-06 00:00:00,22.4748738,84.67,0.0,0.0
2020-06-06 01:00:00,22.207804266666663,87.1,0.0,0.0
2020-06-06 02:00:00,21.92101433333333,89.5,0.0,0.0
2020-06-06 03:00:00,21.51942878571429,91.46,0.0,0.0
2020-06-06 04:00:00,21.469618733333327,93.21,0.0,0.0
2020-06-06 05:00:00,20.971514,92.7,23.42,0.0
2020-06-06 06:00:00,20.426454666666668,87.52,156.35,285.94107142
2020-06-06 07:00:00,22.418231133333336,79.82,356.92,5705.4499999
2020-06-06 08:00:00,24.8309816,72.45,500.67,11214.4892858
2020-06-06 09:00:00,26.346307466666666,65.78,711.12,8266.8624999
2020-06-06 10:00:00,27.516166266666666,60.38,872.67,22555.9553573
2020-06-06 11:00:00,29.0410462,56.35,940.4,21711.9767849
2020-06-06 12:00:00,28.9149232,53.39,807.72,17545.1928571
2020-06-06 13:00:00,30.398728400000003,51.3,667.8,26873.823213
2020-06-06 14:00:00,28.25725513333333,49.71,482.98,16278.775
2020-06-06 15:00:00,25.10567633333333,48.14,354.42,8795.9767857
2020-06-06 16:00:00,26.31139526666667,47.25,208.18,5777.3214287
2020-06-06 17:00:00,24.9111592,52.26,90.0,1982.03392858
2020-06-06 18:00:00,24.214307571428574,70.29,5.85,466.09285715
2020-06-06 19:00:00,23.388924066666664,74.91,0.0,0.0
2020-06-06 20:00:00,22.435105266666664,76.16,0.0,0.0
2020-06-06 21:00:00,22.1833922,77.43,0.0,0.0
2020-06-06 22:00:00,22.19037266666667,78.5,0.0,0.0
2020-06-06 23:00:00,22.125963571428567,79.33,0.0,0.0
2020-06-07 00:00:00,22.05573953333333,80.13,0.0,0.0
2020-06-07 01:00:00,22.26318146666667,81.25,0.0,0.0
2020-06-07 02:00:00,22.1836792,82.04,0.0,0.0
2020-06-07 03:00:00,21.9359068,83.37,0.0,0.0
2020-06-07 04:00:00,21.918208866666667,85.49,0.0,0.0
2020-06-07 05:00:00,21.97220246666667,84.77,24.55,0.0
2020-06-07 06:00:00,22.086163266666663,77.54,151.8,128.26607143
2020-06-07 07:00:00,22.4537842,65.58,295.98,3794.2089285
2020-06-07 08:00:00,22.874956357142857,56.44,481.0,7296.4964287
2020-06-07 09:00:00,23.9829488,50.93,750.58,19779.9767857
2020-06-07 10:00:00,24.88059273333333,47.0,895.47,14406.2428571
2020-06-07 11:00:00,27.075844133333334,43.98,962.75,24566.551786
2020-06-07 12:00:00,28.042243,41.94,885.97,28154.635715
2020-06-07 13:00:00,30.082822666666665,41.05,609.1,19719.926785
2020-06-07 14:00:00,29.934474666666667,41.6,511.1,20480.0107138
2020-06-07 15:00:00,30.049153666666665,43.08,402.65,19677.5392857
2020-06-07 16:00:00,30.24165666666667,46.38,270.62,15749.1857143
2020-06-07 17:00:00,28.939170133333327,52.84,106.53,7216.2053573
2020-06-07 18:00:00,26.890378866666666,69.77,8.25,1416.5589285800002
2020-06-07 19:00:00,25.26825146666667,76.12,0.0,0.0
2020-06-07 20:00:00,24.214486357142857,76.4,0.0,0.0
2020-06-07 21:00:00,23.908459466666663,72.23,0.0,0.0
2020-06-07 22:00:00,23.3559875,73.83,0.0,0.0
2020-06-07 23:00:00,23.136674066666668,79.22,0.0,0.0
2020-06-08 00:00:00,23.31643,81.98,0.0,0.0
2020-06-08 01:00:00,22.663851,83.59,0.0,0.0
2020-06-08 02:00:00,22.550337733333336,85.34,0.0,0.0
2020-06-08 03:00:00,22.250909466666663,86.73,0.0,0.0
2020-06-08 04:00:00,22.113940533333327,87.52,0.0,0.0
2020-06-08 05:00:00,21.70021153333333,84.33,31.62,0.0
2020-06-08 06:00:00,21.456706357142856,75.47,184.95,216.208928577
2020-06-08 07:00:00,22.075207466666665,61.9,365.3,3326.6035715
2020-06-08 08:00:00,23.706215533333328,53.48,586.95,8927.3571429
2020-06-08 09:00:00,25.66906733333333,48.69,768.83,14606.6232141
2020-06-08 10:00:00,27.8729086,45.42,899.03,26084.226786
2020-06-08 11:00:00,28.487312733333336,42.85,944.85,25516.403571
2020-06-08 12:00:00,28.983550933333333,40.85,800.92,21969.385714
2020-06-08 13:00:00,29.653950933333327,39.39,712.15,20824.255357
2020-06-08 14:00:00,30.39099113333333,38.53,547.53,21360.464286
2020-06-08 15:00:00,30.896520866666663,38.37,408.67,21341.3732137
2020-06-08 16:00:00,30.0527444,38.82,236.5,10329.0589286
2020-06-08 17:00:00,28.989379857142858,43.59,97.72,7109.5017858
2020-06-08 18:00:00,27.9018616,63.36,7.85,1728.24285714
2020-06-08 19:00:00,25.99734293333333,67.56,0.0,0.0
2020-06-08 20:00:00,24.80070386666667,67.63,0.0,0.0
2020-06-08 21:00:00,23.78245833333333,68.32,0.0,0.0
2020-06-08 22:00:00,23.16300233333333,69.56,0.0,0.0
2020-06-08 23:00:00,23.1155682,71.66,0.0,0.0
2020-06-09 00:00:00,22.394712071428568,74.05,0.0,0.0
2020-06-09 01:00:00,22.046030666666667,75.62,0.0,0.0
2020-06-09 02:00:00,21.49035633333333,76.5,0.0,0.0
2020-06-09 03:00:00,21.33233446666667,76.85,0.0,0.0
2020-06-09 04:00:00,21.1673442,77.64,0.0,0.0
2020-06-09 05:00:00,21.358131866666668,76.32,34.35,0.0
2020-06-09 06:00:00,21.290627133333327,67.72,189.6,341.32678571
2020-06-09 07:00:00,22.7244914,52.96,388.58,4811.1017858000005
2020-06-09 08:00:00,24.25037833333333,44.4,610.67,11333.9660715
2020-06-09 09:00:00,26.633241666666667,40.23,788.4,18551.4249999
2020-06-09 10:00:00,27.494000133333333,38.05,913.05,12221.2446429
2020-06-09 11:00:00,29.910441928571423,36.81,945.53,24809.4107143
2020-06-09 12:00:00,30.3104532,36.11,855.97,19788.4196428
2020-06-09 13:00:00,30.5386128,35.8,723.42,22625.0178564
2020-06-09 14:00:00,31.3439494,35.81,633.22,13130.0053572
2020-06-09 15:00:00,31.041467333333333,36.2,465.77,17765.2624999
2020-06-09 16:00:00,30.180094333333333,38.1,276.62,13807.9303571
2020-06-09 17:00:00,29.1915486,44.32,116.1,6961.8553572
2020-06-09 18:00:00,27.397143533333328,61.64,8.8,1818.52142857
2020-06-09 19:00:00,25.74157933333333,65.12,0.0,0.0
2020-06-09 20:00:00,24.950962571428573,65.2,0.0,0.0
2020-06-09 21:00:00,24.0924174,65.64,0.0,0.0
2020-06-09 22:00:00,23.41632073333333,67.25,0.0,0.0
2020-06-09 23:00:00,22.88319513333333,70.19,0.0,0.0
2020-06-10 00:00:00,22.8427876,73.45,0.0,0.0
2020-06-10 01:00:00,22.628609266666665,75.91,0.0,0.0
2020-06-10 02:00:00,22.2797972,76.82,0.0,0.0
2020-06-10 03:00:00,22.332193866666668,79.22,0.0,0.0
2020-06-10 04:00:00,21.9428224,82.18,0.0,0.0
2020-06-10 05:00:00,21.943217000000004,82.62,31.62,0.0
2020-06-10 06:00:00,21.767089866666662,73.76,170.9,205.332142852
2020-06-10 07:00:00,22.87512186666667,60.79,356.38,4347.275
2020-06-10 08:00:00,24.7890238,51.44,596.97,9264.9178571
2020-06-10 09:00:00,26.275140333333333,45.44,765.53,14844.8071429
2020-06-10 10:00:00,26.92045893333333,41.39,879.62,10319.8696428
2020-06-10 11:00:00,27.95182086666667,38.55,953.88,10414.1339286
2020-06-10 12:00:00,29.79234406666667,36.44,888.03,28424.751787
2020-06-10 13:00:00,30.97860513333333,35.06,761.47,20659.5089287
2020-06-10 14:00:00,31.09232593333333,34.36,517.1,15522.7428571
2020-06-10 15:00:00,23.6877706,34.32,325.8,4563.617857
2020-06-10 16:00:00,25.529737071428567,36.27,177.48,8999.0482143
2020-06-10 17:00:00,26.02376913333333,43.03,82.82,5248.7321429
2020-06-10 18:00:00,25.403283666666667,59.57,6.55,1193.09999999
2020-06-10 19:00:00,24.796325666666664,64.26,0.0,0.0
2020-06-10 20:00:00,23.8389954,62.91,0.0,0.0
2020-06-10 21:00:00,22.29684226666667,64.66,0.0,0.0
2020-06-10 22:00:00,22.1506266,69.69,0.0,0.0
2020-06-10 23:00:00,22.087756466666665,75.03,0.0,0.0
2020-06-11 00:00:00,22.739367733333328,81.78,0.0,0.0
2020-06-11 01:00:00,22.373763,86.24,0.0,0.0
2020-06-11 02:00:00,22.104992666666668,88.4,0.0,0.0
2020-06-11 03:00:00,21.6394612,89.13,0.0,0.0
2020-06-11 04:00:00,21.17042653333333,89.42,0.0,0.0
2020-06-11 05:00:00,21.679722142857145,87.87,28.88,0.0
2020-06-11 06:00:00,21.80440273333333,78.89,162.07,0.0
2020-06-11 07:00:00,22.074057499999995,64.14,332.73,1676.67678571
2020-06-11 08:00:00,22.849924866666672,53.77,515.45,5576.7678571
2020-06-11 09:00:00,24.30036257142857,46.79,710.9,8189.85
2020-06-11 10:00:00,24.80515553333333,42.18,828.97,11091.9714286
2020-06-11 11:00:00,26.2963116,39.56,830.22,15504.9285714
2020-06-11 12:00:00,27.16000973333333,37.82,823.05,19972.9375002
2020-06-11 13:00:00,27.793925066666667,36.89,740.72,14581.6714284
2020-06-11 14:00:00,28.2268556,37.99,471.95,14541.3357143
2020-06-11 15:00:00,28.41093753333333,39.32,226.6,15944.3071429
2020-06-11 16:00:00,28.066652533333336,41.84,137.62,10372.2375
2020-06-11 17:00:00,26.86789553333333,49.27,62.03,5158.4232143
2020-06-11 18:00:00,25.856518466666664,65.9,3.6,1345.97500001
2020-06-11 19:00:00,24.81229646666667,69.58,0.0,0.0
2020-06-11 20:00:00,24.0864298,70.57,0.0,0.0
2020-06-11 21:00:00,23.82512006666667,72.2,0.0,0.0
2020-06-11 22:00:00,23.6376038,73.92,0.0,0.0
2020-06-11 23:00:00,23.328574733333333,75.37,0.0,0.0
2020-06-12 00:00:00,22.799922733333336,77.38,0.0,0.0
2020-06-12 01:00:00,22.602435133333337,79.74,0.0,0.0
2020-06-12 02:00:00,22.360552285714288,81.22,0.0,0.0
2020-06-12 03:00:00,21.680625333333328,82.11,0.0,0.0
2020-06-12 04:00:00,21.33571573333333,84.3,0.0,0.0
2020-06-12 05:00:00,21.17710573333333,84.38,27.33,0.0
2020-06-12 06:00:00,20.89739573333333,76.1,136.65,0.0
2020-06-12 07:00:00,21.6540956,61.72,289.95,1992.29642857
2020-06-12 08:00:00,22.443727666666664,49.46,442.35,3858.1625
2020-06-12 09:00:00,23.590940333333336,41.83,650.1,10736.1910715
2020-06-12 10:00:00,24.942492866666665,37.34,784.6,12472.1267859
2020-06-12 11:00:00,25.35791885714286,34.0,839.25,13093.4642858
2020-06-12 12:00:00,26.7209514,32.1,743.92,21859.641072
2020-06-12 13:00:00,27.410540933333333,31.63,611.33,17321.0625
2020-06-12 14:00:00,28.347310466666663,32.33,548.03,18838.4232143
2020-06-12 15:00:00,28.2338074,33.63,381.95,12360.4642856
2020-06-12 16:00:00,27.573211642857142,37.27,232.68,6226.8660713
2020-06-12 17:00:00,26.6788758,44.15,93.22,4151.2553573000005
2020-06-12 18:00:00,26.235536666666665,63.22,7.05,1767.2875
2020-06-12 19:00:00,24.899776066666668,68.39,0.0,0.0
2020-06-12 20:00:00,23.3088806,69.28,0.0,0.0
2020-06-12 21:00:00,22.71641853333333,67.99,0.0,0.0
2020-06-12 22:00:00,22.543857733333333,69.42,0.0,0.0
2020-06-12 23:00:00,22.504606133333336,73.59,0.0,0.0
2020-06-13 00:00:00,21.771612666666663,79.47,0.0,0.0
2020-06-13 01:00:00,21.62596846666667,84.03,0.0,0.0
2020-06-13 02:00:00,21.8943176,86.74,0.0,0.0
2020-06-13 03:00:00,21.80184526666667,88.51,0.0,0.0
2020-06-13 04:00:00,21.695316785714287,90.01,0.0,0.0
2020-06-13 05:00:00,21.69656973333333,89.3,26.3,0.0
2020-06-13 06:00:00,21.28513,81.9,137.38,198.864285714
2020-06-13 07:00:00,22.15570466666667,73.25,302.55,3861.6642857
2020-06-13 08:00:00,24.7192118,63.31,466.52,11227.2589285
2020-06-13 09:00:00,26.32546173333333,54.0,569.78,17054.617857
2020-06-13 10:00:00,27.573553600000004,48.97,703.5,19239.6124995
2020-06-13 11:00:00,28.6059632,46.21,714.7,23667.8285709
2020-06-13 12:00:00,29.6144756,45.06,702.55,27843.317856
2020-06-13 13:00:00,30.0071574,45.05,647.17,21083.9535714
2020-06-13 14:00:00,26.66739493333333,45.84,475.55,26234.928571
2020-06-13 15:00:00,27.583284533333337,46.7,309.27,22317.8821413
2020-06-13 16:00:00,27.66269933333333,49.13,181.93,14540.5160715
2020-06-13 17:00:00,26.300193266666668,56.49,71.35,3533.3553572
2020-06-13 18:00:00,25.404423357142857,69.39,5.88,1269.97857144
2020-06-13 19:00:00,24.117745,72.47,0.0,0.0
2020-06-13 20:00:00,23.7636984,72.29,0.0,0.0
2020-06-13 21:00:00,23.2034668,73.02,0.0,0.0
2020-06-13 22:00:00,22.700738533333336,75.92,0.0,0.0
2020-06-13 23:00:00,22.2271688,81.27,0.0,0.0
2020-06-14 00:00:00,22.309425866666672,86.92,0.0,0.0
2020-06-14 01:00:00,22.3396992,90.64,0.0,0.0
2020-06-14 02:00:00,22.801694666666663,92.64,0.0,0.0
2020-06-14 03:00:00,22.301548357142856,93.39,0.0,0.0
2020-06-14 04:00:00,22.235868333333336,94.01,0.0,0.0
2020-06-14 05:00:00,22.2997984,92.14,21.48,0.0
2020-06-14 06:00:00,22.556378266666663,82.97,121.8,102.885714285
2020-06-14 07:00:00,23.208211133333336,67.37,254.1,4238.5339287
2020-06-14 08:00:00,23.90954793333333,55.62,362.12,9131.7571429
2020-06-14 09:00:00,24.52345993333333,50.2,373.38,12997.8499999
2020-06-14 10:00:00,26.354372285714287,47.31,314.45,18251.4624999
2020-06-14 11:00:00,27.081068733333336,45.38,390.73,19578.0464286
2020-06-14 12:00:00,25.21828571428572,44.07,482.48,14550.9910715
2020-06-14 13:00:00,25.37993566666667,42.93,643.33,17124.8982142
2020-06-14 14:00:00,27.848915600000005,42.37,563.22,27895.039285
2020-06-14 15:00:00,26.949993866666667,43.44,330.05,18501.017857
2020-06-14 16:00:00,27.05220753333333,45.29,189.3,12534.0125001
2020-06-14 17:00:00,25.98669446666667,49.11,79.15,3799.5857143
2020-06-14 18:00:00,25.3053914,55.19,6.55,831.18571429
2020-06-14 19:00:00,24.703763866666662,69.31,0.0,0.0
2020-06-14 20:00:00,24.07510986666667,75.0,0.0,0.0
2020-06-14 21:00:00,23.87317121428572,76.41,0.0,0.0
2020-06-14 22:00:00,23.65113126666667,77.81,0.0,0.0
2020-06-14 23:00:00,23.3865622,79.93,0.0,0.0
2020-06-15 00:00:00,23.369126333333337,82.61,0.0,0.0
2020-06-15 01:00:00,23.0133788,85.13,0.0,0.0
2020-06-15 02:00:00,22.0657084,86.84,0.0,0.0
2020-06-15 03:00:00,22.138987400000005,88.33,0.0,0.0
2020-06-15 04:00:00,22.16874793333333,90.2,0.0,0.0
2020-06-15 05:00:00,21.50873626666667,90.26,27.77,0.0
2020-06-15 06:00:00,21.53003333333333,81.14,163.9,202.699999998
2020-06-15 07:00:00,22.742930066666663,67.24,325.5,4511.2410715
2020-06-15 08:00:00,24.477518733333334,58.53,515.3,13486.6249999
2020-06-15 09:00:00,26.192445933333328,54.21,562.42,17212.0392857
2020-06-15 10:00:00,26.95370706666667,51.54,736.17,18755.5357143
2020-06-15 11:00:00,28.7853558,49.06,663.05,22128.8303571
2020-06-15 12:00:00,28.601291866666667,47.09,689.58,20591.5517852
2020-06-15 13:00:00,29.03071592857143,46.32,625.97,21745.4482147
2020-06-15 14:00:00,27.197220866666672,46.15,491.6,8722.0035713
2020-06-15 15:00:00,27.93405566666667,45.68,309.25,13901.5357142
2020-06-15 16:00:00,27.743865933333336,46.13,189.95,3885.1232144
2020-06-15 17:00:00,27.25204246666667,50.11,81.57,6028.0982143
2020-06-15 18:00:00,26.430651071428567,67.71,6.3,1137.17321427
2020-06-15 19:00:00,23.2409404,74.76,0.0,0.0
2020-06-15 20:00:00,23.3763062,75.67,0.0,0.0
2020-06-15 21:00:00,23.1545876,78.28,0.0,0.0
2020-06-15 22:00:00,22.975063066666667,82.15,0.0,0.0
2020-06-15 23:00:00,23.618847800000005,86.17,0.0,0.0
2020-06-16 00:00:00,23.1030456,89.9,0.0,0.0
2020-06-16 01:00:00,22.585764533333336,93.25,0.0,0.0
2020-06-16 02:00:00,22.6596518,94.39,0.0,0.0
2020-06-16 03:00:00,22.499713000000003,94.72,0.0,0.0
2020-06-16 04:00:00,22.5443968,95.06,0.0,0.0
2020-06-16 05:00:00,22.692254533333333,93.29,31.0,0.0
2020-06-16 06:00:00,22.494378142857144,83.96,160.85,8.157142857
2020-06-16 07:00:00,23.138751200000005,66.32,332.15,3092.0767858
2020-06-16 08:00:00,24.273189266666662,53.97,513.08,10555.0339285
2020-06-16 09:00:00,25.405088333333328,47.45,662.05,12538.4535714
2020-06-16 10:00:00,26.7102622,41.9,851.78,24082.9642871
2020-06-16 11:00:00,27.994940266666667,37.2,796.15,24978.126784
2020-06-16 12:00:00,27.874310399999995,33.58,714.85,7269.2821429
2020-06-16 13:00:00,27.9916526,31.39,606.55,10305.5482144
2020-06-16 14:00:00,28.79405306666667,30.49,428.95,14158.8
2020-06-16 15:00:00,28.405712933333334,30.76,247.23,8844.4125
2020-06-16 16:00:00,28.046335933333328,32.71,151.8,10713.4749999
2020-06-16 17:00:00,27.1594952,39.92,66.68,4135.5071428
2020-06-16 18:00:00,25.890207866666664,55.38,6.35,1480.95714285
2020-06-16 19:00:00,24.986523400000003,57.09,0.0,0.0
2020-06-16 20:00:00,23.90370066666667,61.86,0.0,0.0
2020-06-16 21:00:00,23.54011321428572,67.56,0.0,0.0
2020-06-16 22:00:00,23.0816692,71.67,0.0,0.0
2020-06-16 23:00:00,22.962205000000004,75.58,0.0,0.0
2020-06-17 00:00:00,22.895672466666667,78.83,0.0,0.0
2020-06-17 01:00:00,22.771451866666663,82.39,0.0,0.0
2020-06-17 02:00:00,22.6269064,85.38,0.0,0.0
2020-06-17 03:00:00,22.852022266666665,87.34,0.0,0.0
2020-06-17 04:00:00,22.8229758,89.16,0.0,0.0
2020-06-17 05:00:00,22.35033773333333,88.47,24.75,0.0
2020-06-17 06:00:00,21.69549992857143,80.26,135.4,5.998214286
2020-06-17 07:00:00,22.482625266666663,66.88,273.1,2946.0321428
2020-06-17 08:00:00,23.751955,57.21,485.8,7405.6071428
2020-06-17 09:00:00,24.68842373333333,50.92,611.75,10911.0571429
2020-06-17 10:00:00,25.68465353333333,45.85,767.83,13464.2285714
2020-06-17 11:00:00,26.236733,41.79,771.08,14510.4696431
2020-06-17 12:00:00,28.4727662,38.7,692.0,24771.0553577
2020-06-17 13:00:00,28.579515642857142,37.22,687.5,15160.0071428
2020-06-17 14:00:00,28.6523418,38.97,587.05,13531.35
2020-06-17 15:00:00,28.617018666666667,49.66,360.75,10254.9732144
2020-06-17 16:00:00,23.40352773333333,63.12,217.38,6922.5035714
2020-06-17 17:00:00,24.191860066666663,73.17,81.25,2819.3785713
2020-06-17 18:00:00,24.130348733333328,77.28,6.18,1288.58571429
2020-06-17 19:00:00,23.474888266666667,80.53,0.0,0.0
2020-06-17 20:00:00,23.0032632,83.1,0.0,0.0
2020-06-17 21:00:00,22.89988213333333,84.8,0.0,0.0
2020-06-17 22:00:00,22.563179466666668,88.11,0.0,0.0
2020-06-17 23:00:00,22.129815666666666,90.11,0.0,0.0
